腹,w杆よΑ,旧{,程j颤
GTH3,籁,2,13
GTH3,籁,8,10
GTH3,绢本,2,13
GTH3,绢本,8,10
GTH3,,2,5
GTH3,,8,2
GTH4,籁,2,
GTH4,籁,6,
GTH4,籁,12,
GTH4,绢本,2,
GTH4,绢本,6,
GTH4,绢本,12,
GTH4,,2,
GTH4,,6,
GTH4,,12,
GTH5,籁,2,
GTH5,籁,5,
GTH5,籁,10,
GTH5,籁,20,
GTH5,绢本,2,
GTH5,绢本,5,
GTH5,绢本,10,
GTH5,绢本,20,
GTH5,,2,
GTH5,,5,
GTH5,,10,
GTH5,,20,
GTH8,籁,5,
GTH8,籁,10,
GTH8,籁,20,
GTH8,绢本,5,
GTH8,绢本,10,
GTH8,绢本,20,
GTH8,,5,
GTH8,,10,
GTH8,,20,
GTH12,籁,5,
GTH12,籁,10,
GTH12,籁,20,
GTH12,籁,32,
GTH12,绢本,5,
GTH12,绢本,10,
GTH12,绢本,20,
GTH12,绢本,32,
GTH12,,5,
GTH12,,10,
GTH12,,20,
GTH12,,32,
GTH5S,籁,2,
GTH5S,绢本,2,
GTH5S,,2,
GTH8S,籁,5,
GTH8S,绢本,5,
GTH8S,,5,
GTH4D,籁,2,
GTH4D,籁,6,
GTH4D,籁,12,
GTH4D,绢本,2,
GTH4D,绢本,6,
GTH4D,绢本,12,
GTH4D,,2,
GTH4D,,6,
GTH4D,,12,
GTH5D,籁,2,
GTH5D,籁,5,
GTH5D,籁,10,
GTH5D,籁,20,
GTH5D,绢本,2,
GTH5D,绢本,5,
GTH5D,绢本,10,
GTH5D,绢本,20,
GTH5D,,2,
GTH5D,,5,
GTH5D,,10,
GTH5D,,20,
GTH8D,籁,5,
GTH8D,籁,10,
GTH8D,籁,20,
GTH8D,绢本,5,
GTH8D,绢本,10,
GTH8D,绢本,20,
GTH8D,,5,
GTH8D,,10,
GTH8D,,20,
GTH12D,籁,5,
GTH12D,籁,10,
GTH12D,籁,20,
GTH12D,籁,32,
GTH12D,绢本,5,
GTH12D,绢本,10,
GTH12D,绢本,20,
GTH12D,绢本,32,
GTH12D,,5,
GTH12D,,10,
GTH12D,,20,
GTH12D,,32,
GTH3K,籁,2,13
GTH3K,籁,8,10
GTH3K,绢本,2,13
GTH3K,绢本,8,10
GTH3K,,2,5
GTH3K,,8,2
GTH4K,籁,2,
GTH4K,籁,6,
GTH4K,籁,12,
GTH4K,绢本,2,
GTH4K,绢本,6,
GTH4K,绢本,12,
GTH4K,,2,
GTH4K,,6,
GTH4K,,12,
GTH5K,籁,2,
GTH5K,籁,5,
GTH5K,籁,10,
GTH5K,籁,20,
GTH5K,绢本,2,
GTH5K,绢本,5,
GTH5K,绢本,10,
GTH5K,绢本,20,
GTH5K,,2,
GTH5K,,5,
GTH5K,,10,
GTH5K,,20,
GTH8K,籁,5,
GTH8K,籁,10,
GTH8K,籁,20,
GTH8K,绢本,5,
GTH8K,绢本,10,
GTH8K,绢本,20,
GTH8K,,5,
GTH8K,,10,
GTH8K,,20,
GTY4,籁,2,
GTY4,籁,6,
GTY4,籁,12,
GTY4,绢本,2,
GTY4,绢本,6,
GTY4,绢本,12,
GTY4,,2,
GTY4,,6,
GTY4,,12,
GTY5,籁,2,
GTY5,籁,5,
GTY5,籁,10,
GTY5,籁,20,
GTY5,绢本,2,
GTY5,绢本,5,
GTY5,绢本,10,
GTY5,绢本,20,
GTY5,,2,
GTY5,,5,
GTY5,,10,
GTY5,,20,
GTY8,籁,5,
GTY8,籁,10,
GTY8,籁,20,
GTY8,绢本,5,
GTY8,绢本,10,
GTY8,绢本,20,
GTY8,,5,
GTY8,,10,
GTY8,,20,
GTY12,籁,5,
GTY12,籁,10,
GTY12,籁,20,
GTY12,籁,32,
GTY12,绢本,5,
GTY12,绢本,10,
GTY12,绢本,20,
GTY12,绢本,32,
GTY12,,5,
GTY12,,10,
GTY12,,20,
GTY12,,32,
ETH13,籁,5,
ETH13,籁,10,
ETH13,籁,20,
ETH13,籁,32,
ETH13,绢本,5,
ETH13,绢本,10,
ETH13,绢本,20,
ETH13,绢本,32,
ETH13,,5,
ETH13,,10,
ETH13,,20,
ETH14,籁,5,
ETH14,籁,10,
ETH14,籁,20,
ETH14,籁,32,
ETH14,绢本,5,
ETH14,绢本,10,
ETH14,绢本,20,
ETH14,绢本,32,
ETH14,,5,
ETH14,,10,
ETH14,,20,
ETH14,,32,
ETH17,籁,5,
ETH17,籁,10,
ETH17,籁,20,
ETH17,籁,40,
ETH17,绢本,5,
ETH17,绢本,10,
ETH17,绢本,20,
ETH17,绢本,40,
ETH17,,5,
ETH17,,10,
ETH17,,20,
ETH17,,40,
ETH22,籁,5,
ETH22,籁,10,
ETH22,籁,25,
ETH22,籁,40,
ETH22,绢本,5,
ETH22,绢本,10,
ETH22,绢本,25,
ETH22,绢本,40,
ETH22,,5,
ETH22,,10,
ETH22,,25,
ETH22,,40,
ETH17M,籁,5,120
ETH17M,籁,10,95
ETH17M,籁,20,50
ETH17M,籁,32,35
ETH17M,绢本,5,120
ETH17M,绢本,10,95
ETH17M,绢本,20,50
ETH17M,绢本,32,35
ETH17M,,5,
ETH17M,,10,
ETH17M,,20,
ETH17M,,32,
ETH22M,籁,5,130
ETH22M,籁,10,130
ETH22M,籁,20,85
ETH22M,籁,40,43
ETH22M,绢本,5,130
ETH22M,绢本,10,130
ETH22M,绢本,20,85
ETH22M,绢本,40,43
ETH22M,,5,
ETH22M,,10,
ETH22M,,20,
ETH22M,,40,
ETB5,籁,32,10
ETB5,籁,40,3
ETB5,绢本,32,
ETB5,绢本,40,
ETB6,籁,40,3
ETB6,绢本,40,
ETB10,籁,32,10
ETB10,绢本,32,
ETB14M,籁,40,25
ETB14M,绢本,40,
ETB17M,籁,40,45
ETB17M,绢本,40,
ETB22M,籁,40,85
ETB22M,绢本,40,
MH65,籁,78,
MH65,绢本,78,
MH80,籁,102,
MH80,绢本,102,
MK65-03,籁,36.67,30
MK65-05,籁,22,45
MK65-07,籁,15.71,55
MK65-10,籁,11,60
MK65-03,绢本,36.67,
MK65-05,绢本,22,
MK65-07,绢本,15.71,
MK65-10,绢本,11,
MK65-03,,36.67,9
MK65-05,,22,15
MK65-07,,15.71,16
MK65-10,,11,17
MK85-05,籁,40,40
MK85-07,籁,28.57,60
MK85-10,籁,20,100
MK85-05,绢本,40,
MK85-07,绢本,28.57,
MK85-10,绢本,20,
MK85-05,,40,14
MK85-07,,28.57,21
MK85-10,,20,24
MK110-10,籁,25,100
MK110-05,籁,16.67,150
MK110-20,籁,12.5,200
MK110-10,绢本,25,
MK110-05,绢本,16.67,
MK110-20,绢本,12.5,
MK110-10,,25,23
MK110-05,,16.67,36
MK110-20,,12.5,50
GCH4,籁,2,
GCH4,籁,6,
GCH4,籁,12,
GCH4,绢本,2,
GCH4,绢本,6,
GCH4,绢本,12,
GCH4,,2,
GCH4,,6,
GCH4,,12,
GCH5,籁,2,
GCH5,籁,5,
GCH5,籁,10,
GCH5,籁,20,
GCH5,绢本,2,
GCH5,绢本,5,
GCH5,绢本,10,
GCH5,绢本,20,
GCH5,,2,
GCH5,,5,
GCH5,,10,
GCH5,,20,
GCH8,籁,5,
GCH8,籁,10,
GCH8,籁,20,
GCH8,绢本,5,
GCH8,绢本,10,
GCH8,绢本,20,
GCH8,,5,
GCH8,,10,
GCH8,,20,
GCH12,籁,5,
GCH12,籁,10,
GCH12,籁,20,
GCH12,籁,32,
GCH12,绢本,5,
GCH12,绢本,10,
GCH12,绢本,20,
GCH12,绢本,32,
GCH12,,5,
GCH12,,10,
GCH12,,20,
GCH12,,32,
GCH5S,籁,2,
GCH5S,绢本,2,
GCH5S,,2,
GCH8S,籁,5,
GCH8S,绢本,5,
GCH8S,,5,
ECH14,籁,5,
ECH14,籁,10,
ECH14,籁,20,
ECH14,籁,32,
ECH14,绢本,5,
ECH14,绢本,10,
ECH14,绢本,20,
ECH14,绢本,32,
ECH14,,5,
ECH14,,10,
ECH14,,20,
ECH14,,32,
ECH17,籁,5,
ECH17,籁,10,
ECH17,籁,20,
ECH17,籁,40,
ECH17,绢本,5,
ECH17,绢本,10,
ECH17,绢本,20,
ECH17,绢本,40,
ECH17,,5,
ECH17,,10,
ECH17,,20,
ECH17,,40,
ECH22,籁,5,
ECH22,籁,10,
ECH22,籁,25,
ECH22,籁,40,
ECH22,绢本,5,
ECH22,绢本,10,
ECH22,绢本,25,
ECH22,绢本,40,
ECH22,,5,
ECH22,,10,
ECH22,,25,
ECH22,,40,
ECB5,籁,32,10
ECB5,籁,40,3
ECB5,绢本,32,
ECB5,绢本,40,
ECB6,籁,40,3
ECB6,绢本,40,
ECB10,籁,32,10
ECB10,绢本,32,
ECB14,籁,40,25
ECB14,绢本,40,
ECB17,籁,40,45
ECB17,绢本,40,
ECB22,籁,40,85
ECB22,绢本,40,
Y50,籁,5,30
Y50,籁,10,15
Y50,绢本,5,30
Y50,绢本,10,15
Y50,,5,12
Y50,,10,5
Y50D,籁,5,30
Y50D,籁,10,15
Y50D,绢本,5,30
Y50D,绢本,10,15
Y50D,,5,12
Y50D,,10,5
Y50L,籁,5,30
Y50L,籁,10,15
Y50L,绢本,5,30
Y50L,绢本,10,15
Y50L,,5,12
Y50L,,10,5
Y65,籁,5,110
Y65,籁,10,88
Y65,籁,16,48
Y65,籁,20,40
Y65,绢本,5,110
Y65,绢本,10,88
Y65,绢本,16,48
Y65,绢本,20,40
Y65,,5,33
Y65,,10,22
Y65,,16,10
Y65,,20,8
Y65D,籁,5,110
Y65D,籁,10,88
Y65D,籁,16,48
Y65D,籁,20,40
Y65D,绢本,5,110
Y65D,绢本,10,88
Y65D,绢本,16,48
Y65D,绢本,20,40
Y65D,,5,33
Y65D,,10,22
Y65D,,16,10
Y65D,,20,8
Y65L,籁,5,110
Y65L,籁,10,88
Y65L,籁,16,48
Y65L,籁,20,40
Y65L,绢本,5,110
Y65L,绢本,10,88
Y65L,绢本,16,48
Y65L,绢本,20,40
Y65L,,5,33
Y65L,,10,22
Y65L,,16,10
Y65L,,20,8
MG65-02,籁,45,24
MG65-03,籁,30,52
MG65-00,籁,90,7
MG65-02,绢本,45,2
MG65-03,绢本,30,2
MG65-00,绢本,90,2
MG65-02,,45,10
MG65-03,,30,15
MG65-00,,90,3
